{
    "Camera": {
        "Speed": 100.0,
        "Position": [
            -193.4037628173828,
            146.24415588378907,
            -18.99978256225586
        ]
    },
    "GameObjects": [
        {
            "Name": "earth",
            "Mesh": "earth.ply",
            "Visible": true,
            "Use_Physics": true,
            "Wireframe": false,
            "Position": [
                -10.204000473022461,
                24.852439880371095,
                -16.946514129638673
            ],
            "DiffuseRGB_Alpha": [
                0.0,
                0.0,
                0.0,
                1.0
            ],
            "SpecularRGB_Alpha": [
                1.0,
                1.0,
                1.0,
                100.0
            ],
            "Rotation": [
                40.18023681640625,
                43.333045959472659,
                48.97208023071289
            ],
            "Scale": [
                10.0,
                10.0,
                10.0
            ],
            "Textures": [
                {
                    "Name": "earthTex.bmp",
                    "Strength": 1.0
                }
            ],
            "RigidBody": {
                "Type": "SPHERE",
                "Radius": 10.0,
                "Mass": 10.0
            }
        },
        {
            "Name": "mars",
            "Mesh": "earth.ply",
            "Visible": true,
            "Use_Physics": true,
            "Wireframe": true,
            "Position": [
                -36.37092590332031,
                15.720328330993653,
                52.10157012939453
            ],
            "DiffuseRGB_Alpha": [
                0.0,
                0.0,
                0.0,
                1.0
            ],
            "SpecularRGB_Alpha": [
                1.0,
                1.0,
                1.0,
                100.0
            ],
            "Rotation": [
                -111.3977279663086,
                0.32238152623176577,
                -99.23995971679688
            ],
            "Scale": [
                15.0,
                15.0,
                15.0
            ],
            "Textures": [
                {
                    "Name": "MarsTex.bmp",
                    "Strength": 1.0
                }
            ],
            "RigidBody": {
                "Type": "SPHERE",
                "Radius": 15.0,
                "Mass": 45.0
            }
        },
        {
            "Name": "mars2",
            "Mesh": "earth.ply",
            "Visible": true,
            "Use_Physics": true,
            "Wireframe": false,
            "Position": [
                -48.091922760009769,
                13.015157699584961,
                -64.4335708618164
            ],
            "DiffuseRGB_Alpha": [
                0.0,
                0.0,
                0.0,
                1.0
            ],
            "SpecularRGB_Alpha": [
                1.0,
                1.0,
                1.0,
                100.0
            ],
            "Rotation": [
                101.24580383300781,
                36.59416580200195,
                84.54615783691406
            ],
            "Scale": [
                15.0,
                15.0,
                15.0
            ],
            "Textures": [
                {
                    "Name": "MarsTex.bmp",
                    "Strength": 1.0
                }
            ],
            "RigidBody": {
                "Type": "SPHERE",
                "Radius": 15.0,
                "Mass": 55.0
            }
        },
        {
            "Name": "plane_floor",
            "Mesh": "plane_floor.ply",
            "Visible": true,
            "Use_Physics": true,
            "Wireframe": false,
            "Position": [
                0.0,
                -2.0,
                0.0
            ],
            "DiffuseRGB_Alpha": [
                0.0,
                0.0,
                0.0,
                1.0
            ],
            "SpecularRGB_Alpha": [
                1.0,
                1.0,
                1.0,
                100.0
            ],
            "Rotation": [
                0.0,
                -0.0,
                0.0
            ],
            "Scale": [
                100.0,
                100.0,
                100.0
            ],
            "Textures": [
                {
                    "Name": "metal.bmp",
                    "Strength": 1.0
                }
            ],
            "RigidBody": {
                "Type": "PLANE",
                "Constant": -2.0,
                "Normal": [
                    0.0,
                    1.0,
                    0.0
                ],
                "Mass": 0.0
            }
        },
        {
            "Name": "plane_floor_back",
            "Mesh": "plane_floor.ply",
            "Visible": true,
            "Use_Physics": true,
            "Wireframe": false,
            "Position": [
                0.0,
                98.0,
                -100.0
            ],
            "DiffuseRGB_Alpha": [
                0.0,
                0.0,
                0.0,
                1.0
            ],
            "SpecularRGB_Alpha": [
                1.0,
                1.0,
                1.0,
                100.0
            ],
            "Rotation": [
                90.0,
                -0.0,
                0.0
            ],
            "Scale": [
                100.0,
                100.0,
                100.0
            ],
            "Textures": [
                {
                    "Name": "metal.bmp",
                    "Strength": 1.0
                }
            ],
            "RigidBody": {
                "Type": "PLANE",
                "Constant": -100.0,
                "Normal": [
                    0.0,
                    0.0,
                    -1.0
                ],
                "Mass": 0.0
            }
        },
        {
            "Name": "plane_floor_front",
            "Mesh": "plane_floor.ply",
            "Visible": true,
            "Use_Physics": true,
            "Wireframe": false,
            "Position": [
                0.0,
                98.0,
                100.0
            ],
            "DiffuseRGB_Alpha": [
                0.0,
                0.0,
                0.0,
                1.0
            ],
            "SpecularRGB_Alpha": [
                1.0,
                1.0,
                1.0,
                100.0
            ],
            "Rotation": [
                -90.0,
                0.0,
                0.0
            ],
            "Scale": [
                100.0,
                100.0,
                100.0
            ],
            "Textures": [
                {
                    "Name": "metal.bmp",
                    "Strength": 1.0
                }
            ],
            "RigidBody": {
                "Type": "PLANE",
                "Constant": 100.0,
                "Normal": [
                    0.0,
                    0.0,
                    -1.0
                ],
                "Mass": 0.0
            }
        },
        {
            "Name": "plane_right",
            "Mesh": "plane_floor.ply",
            "Visible": true,
            "Use_Physics": true,
            "Wireframe": false,
            "Position": [
                100.0,
                98.0,
                0.0
            ],
            "DiffuseRGB_Alpha": [
                0.0,
                0.0,
                0.0,
                1.0
            ],
            "SpecularRGB_Alpha": [
                1.0,
                1.0,
                1.0,
                100.0
            ],
            "Rotation": [
                0.0,
                -0.0,
                90.0
            ],
            "Scale": [
                100.0,
                100.0,
                100.0
            ],