{
    "Camera": {
        "Speed": 1000.0,
        "Position": [
            1614.7520751953126,
            1593.1083984375,
            1687.8690185546876
        ]
    },
    "GameObjects": [
        {
            "Name": "teapot",
            "Mesh": "Utah_Teapot_xyz_n_GARBAGE_uv.ply",
            "Visible": true,
            "Use_Physics": true,
            "Wireframe": false,
            "Position": [
                300.0,
                335.0,
                -560.0
            ],
            "DiffuseRGB_Alpha": [
                0.0,
                0.0,
                0.0,
                1.0
            ],
            "SpecularRGB_Alpha": [
                1.0,
                1.0,
                1.0,
                100.0
            ],
            "Rotation": [
                -0.7071070075035095,
                0.0,
                0.0,
                0.7071070075035095
            ],
            "Scale": [
                0.8999999761581421,
                0.8999999761581421,
                0.8999999761581421
            ],
            "Textures": [
                {
                    "Name": "metal.bmp",
                    "Strength": 1.0
                }
            ]
        },
        {
            "Name": "roomUV",
            "Mesh": "roomUV.ply",
            "Visible": true,
            "Use_Physics": false,
            "Wireframe": false,
            "Position": [
                -110.0,
                0.0,
                110.0
            ],
            "DiffuseRGB_Alpha": [
                0.0,
                0.0,
                0.0,
                1.0
            ],
            "SpecularRGB_Alpha": [
                1.0,
                1.0,
                1.0,
                100.0
            ],
            "Rotation": [
                0.0,
                0.0,
                0.0,
                1.0
            ],
            "Scale": [
                100.0,
                100.0,
                100.0
            ],
            "Textures": [
                {
                    "Name": "roomTex.bmp",
                    "Strength": 1.0
                }
            ]
        },
        {
            "Name": "Ufo2UVb",
            "Mesh": "Ufo2UVb.ply",
            "Visible": true,
            "Use_Physics": true,
            "Wireframe": false,
            "Position": [
                -690.0,
                10.0,
                1935.0
            ],
            "DiffuseRGB_Alpha": [
                0.0,
                0.0,
                0.0,
                1.0
            ],
            "SpecularRGB_Alpha": [
                1.0,
                1.0,
                1.0,
                100.0
            ],
            "Rotation": [
                0.0,
                0.0,
                0.0,
                1.0
            ],
            "Scale": [
                120.39900207519531,
                120.39900207519531,
                120.39900207519531
            ],
            "Textures": [
                {
                    "Name": "metal.bmp",
                    "Strength": 1.0
                }
            ]
        },
        {
            "Name": "table",
            "Mesh": "table.ply",
            "Visible": true,
            "Use_Physics": false,
            "Wireframe": false,
            "Position": [
                510.0,
                -30.0,
                910.0
            ],
            "DiffuseRGB_Alpha": [
                0.0,
                0.0,
                0.0,
                1.0
            ],
            "SpecularRGB_Alpha": [
                1.0,
                1.0,
                1.0,
                100.0
            ],
            "Rotation": [
                0.0,
                0.0,
                0.0,
                1.0
            ],
            "Scale": [
                2.9000000953674318,
                2.9000000953674318,
                2.9000000953674318
            ],
            "Textures": [
                {
                    "Name": "metal.bmp",
                    "Strength": 0.262006014585495
                },
                {
                    "Name": "wood.bmp",
                    "Strength": 0.7379980087280273
                }
            ]
        },
        {
            "Name": "knight",
            "Mesh": "knight.ply",
            "Visible": true,
            "Use_Physics": false,
            "Wireframe": false,
            "Position": [
                1355.0,
                355.0,
                -625.0
            ],
            "DiffuseRGB_Alpha": [
                0.0,
                0.0,
                0.0,
                1.0
            ],
            "SpecularRGB_Alpha": [
                1.0,
                1.0,
                1.0,
                100.0
            ],
            "Rotation": [
                0.0,
                0.0,
                0.0,
                1.0
            ],
            "Scale": [
                22.600000381469728,
                22.600000381469728,
                22.600000381469728
            ],
            "Textures": [
                {
                    "Name": "knightTex.bmp",
                    "Strength": 1.0
                }
            ]
        },
        {
            "Name": "knight2",
            "Mesh": "knight2.ply",
            "Visible": true,
            "Use_Physics": false,
            "Wireframe": false,
            "Position": [
                1270.0,
                465.0,
                1910.0
            ],
            "DiffuseRGB_Alpha": [
                0.0,
                0.0,
                0.0,
                1.0
            ],
            "SpecularRGB_Alpha": [
                1.0,
                1.0,
                1.0,
                100.0
            ],
            "Rotation": [
                0.0,
                -0.9995740056037903,
                0.0,
                -0.029199600219726564
            ],
            "Scale": [
                20.399999618530275,
                20.399999618530275,
                20.399999618530275
            ],
            "Textures": [
                {
                    "Name": "knight2Tex.bmp",
                    "Strength": 1.0
                }
            ]
        },
        {
            "Name": "fireplace",
            "Mesh": "fireplace.ply",
            "Visible": true,
            "Use_Physics": false,
            "Wireframe": false,
            "Position": [
                -615.0,
                -170.0,
                20.0
            ],
            "DiffuseRGB_Alpha": [
                0.0,
                0.0,
                0.0,
                1.0
            ],
            "SpecularRGB_Alpha": [
                1.0,
                1.0,
                1.0,
                100.0
            ],
            "Rotation": [
                0.0,
                0.0,
                0.0,
                1.0
            ],
            "Scale": [
                64.20020294189453,
                64.20020294189453,
                64.20020294189453
            ],
            "Textures": [
                {
                    "Name": "fireplace.bmp",
                    "Strength": 1.0
                }
            ]
        },
        {
            "Name": "lantern",
            "Mesh": "lantern.ply",
            "Visible": true,
            "Use_Physics": false,
            "Wireframe": false,
            "Position": [
                360.0,
                130.0,
                1010.0
            ],
            "DiffuseRGB_Alpha": [
                0.0,
                0.0,
                0.0,
                1.0
            ],
            "SpecularRGB_Alpha": [
                1.0,
                1.0,
                1.0,
                100.0
            ],
            "Rotation": [
                0.0,
                0.0,
                0.0,
                1.0
            ],